<?xml version="1.0" encoding="UTF-8"?>

<beans xmlns="http://www.springframework.org/schema/beans"
    xmlns:xsi="http://www.w3.org/2001/XMLSchema-instance"
    xmlns:context="http://www.springframework.org/schema/context"
    xmlns:jee="http://www.springframework.org/schema/jee"
    xmlns:mvc="http://www.springframework.org/schema/mvc"
    xmlns:sec="http://www.springframework.org/schema/security"
    xsi:schemaLocation="http://www.springframework.org/schema/beans
        http://www.springframework.org/schema/beans/spring-beans-4.1.xsd
        http://www.springframework.org/schema/context
        http://www.springframework.org/schema/context/spring-context-4.1.xsd
        http://www.springframework.org/schema/jee
        http://www.springframework.org/schema/jee/spring-jee-4.1.xsd
        http://www.springframework.org/schema/mvc
        http://www.springframework.org/schema/mvc/spring-mvc-4.1.xsd
        http://www.springframework.org/schema/security
        http://www.springframework.org/schema/security/spring-security-3.2.xsd">

    <context:component-scan base-package="fund" />
    <sec:global-method-security secured-annotations="enabled" />

    <bean id="viewResolver" class="org.springframework.web.servlet.view.UrlBasedViewResolver">
        <property name="viewClass" value="org.springframework.web.servlet.view.tiles3.TilesView" />
    </bean>

    <bean id="tilesConfigurer" class="org.springframework.web.servlet.view.tiles3.TilesConfigurer">
        <property name="definitions">
            <list>
                <value>/WEB-INF/views/tiles.xml</value>
            </list>
        </property>
    </bean>

    <bean id="myDataSource1"
        class="org.springframework.jdbc.datasource.SimpleDriverDataSource">
        <property name="driverClass" value="com.microsoft.sqlserver.jdbc.SQLServerDriver" />
        <property name="url" value="jdbc:sqlserver://127.0.0.1;databaseName=bbs1;" />
        <property name="username" value="sa" />
        <property name="password" value="test123" />
    </bean>

    <bean id="sqlSessionFactory1" class="org.mybatis.spring.SqlSessionFactoryBean">
        <property name="dataSource" ref="myDataSource1" />
    </bean>

    <bean id="mapperScanner" class="org.mybatis.spring.mapper.MapperScannerConfigurer">
        <property name="basePackage" value="fund" />
        <property name="sqlSessionFactoryBeanName" value="sqlSessionFactory1"/>
    </bean>

</beans>
